"varname","estimate","standard_error","pvalue","tau2","Q","degf","p.het","I2","n","var_desc","model","phenotype"
"bMAGNESIUM_mg",-0.000991102860395461,0.00193295234232984,0.608132888103644,9.80321197992148e-06,8.88986254817706,3,0.0307916365862876,66.2536964577121,4,"Total Magnesium (mg)","full_model","diastolic"
"bPHOSPHORUS_mg",-0.000596111432944902,0.000527723851368734,0.258649148335472,6.04325956424155e-07,6.56099934332688,3,0.0872876346036227,54.2752583407699,4,"Total Phosphorus (mg)","full_model","diastolic"
"DR1TALCO",0.00360430635279729,0.00444273381948416,0.417204213081599,0,2.64487847680814,3,0.449676034871694,0,4,"Alcohol (gm)","full_model","diastolic"
"DR1TFA",-0.00287970969858538,0.00123038857877247,0.019258557520085,2.98450178260416e-06,5.88596765201064,2,0.0527082217058005,66.0208801977224,3,"Folic acid (mcg)","full_model","diastolic"
"DR1TMAGN",-0.00248966697760621,0.00188212277070342,0.185902785080236,8.5967079916766e-06,7.98063375483744,3,0.0464136477675459,62.4090004358168,4,"Magnesium (mg)","full_model","diastolic"
"DR1TPHOS",-0.000796051671368489,0.000446615197618222,0.0746822948976088,3.9032357497325e-07,5.89034196051,3,0.117068932309546,49.0691708543819,4,"Phosphorus (mg)","full_model","diastolic"
"DR1TVB2",-0.32148776994298,0.118004588731567,0.00644249345467263,0,2.31867493931646,3,0.508952728069273,0,4,"Riboflavin (Vitamin B2) (mg)","full_model","diastolic"
"LBXFOL",-0.0790010566252026,0.0188262502408672,2.71281396706513e-05,0.000609189582101726,5.29857422349211,3,0.151194934333169,43.3809950854515,4,"Folate, serum (ng/mL)","full_model","diastolic"
"LBXSPH",-0.588175397434901,0.237089965826962,0.0131083853509134,0,1.86277684652324,3,0.601370182711638,0,4,"Phosphorus (mg/dL)","full_model","diastolic"
